<annotation>
  <folder>images</folder>
  <filename>1</filename>
  <path>C:\Users\44790\Documents\University Work\Year 3\diss\apex legends\images\1.jpg</path>
  <source>
    <database>Unknown</database>
  </source>
  <size>
    <width>1920</width>
    <height>1080</height>
    <depth>3</depth>
  </size>
  <segmented>0</segmented>
  <object>
    <name>player</name>
    <pose>Unspecified</pose>
    <truncated>0</truncated>
    <difficult>0</difficult>
    <bndbox>
      <xmin>604</xmin>
      <ymin>427</ymin>
      <xmax>781</xmax>
      <ymax>634</ymax>
    </bndbox>
  </object>
</annotation>
