<annotation>
  <folder>images</folder>
  <filename>11</filename>
  <path>C:\Users\44790\Documents\University Work\Year 3\diss\apex legends\images\11.jpg</path>
  <source>
    <database>Unknown</database>
  </source>
  <size>
    <width>1918</width>
    <height>1080</height>
    <depth>3</depth>
  </size>
  <segmented>0</segmented>
  <object>
    <name>player</name>
    <pose>Unspecified</pose>
    <truncated>0</truncated>
    <difficult>0</difficult>
    <bndbox>
      <xmin>901</xmin>
      <ymin>476</ymin>
      <xmax>1059</xmax>
      <ymax>638</ymax>
    </bndbox>
  </object>
</annotation>
