<annotation>
  <folder>images</folder>
  <filename>12</filename>
  <path>C:\Users\44790\Documents\University Work\Year 3\diss\apex legends\images\12.jpg</path>
  <source>
    <database>Unknown</database>
  </source>
  <size>
    <width>1913</width>
    <height>1079</height>
    <depth>3</depth>
  </size>
  <segmented>0</segmented>
  <object>
    <name>player</name>
    <pose>Unspecified</pose>
    <truncated>0</truncated>
    <difficult>0</difficult>
    <bndbox>
      <xmin>861</xmin>
      <ymin>461</ymin>
      <xmax>994</xmax>
      <ymax>630</ymax>
    </bndbox>
  </object>
</annotation>
