<annotation>
  <folder>images</folder>
  <filename>15</filename>
  <path>C:\Users\44790\Documents\University Work\Year 3\diss\apex legends\images\15.jpg</path>
  <source>
    <database>Unknown</database>
  </source>
  <size>
    <width>1913</width>
    <height>1079</height>
    <depth>3</depth>
  </size>
  <segmented>0</segmented>
  <object>
    <name>player</name>
    <pose>Unspecified</pose>
    <truncated>0</truncated>
    <difficult>0</difficult>
    <bndbox>
      <xmin>349</xmin>
      <ymin>467</ymin>
      <xmax>387</xmax>
      <ymax>538</ymax>
    </bndbox>
  </object>
  <object>
    <name>player</name>
    <pose>Unspecified</pose>
    <truncated>0</truncated>
    <difficult>0</difficult>
    <bndbox>
      <xmin>865</xmin>
      <ymin>512</ymin>
      <xmax>908</xmax>
      <ymax>588</ymax>
    </bndbox>
  </object>
</annotation>
