<annotation>
  <folder>images</folder>
  <filename>22</filename>
  <path>C:\Users\44790\Documents\University Work\Year 3\diss\apex legends\images\22.jpg</path>
  <source>
    <database>Unknown</database>
  </source>
  <size>
    <width>1917</width>
    <height>1079</height>
    <depth>3</depth>
  </size>
  <segmented>0</segmented>
  <object>
    <name>player</name>
    <pose>Unspecified</pose>
    <truncated>0</truncated>
    <difficult>0</difficult>
    <bndbox>
      <xmin>900</xmin>
      <ymin>390</ymin>
      <xmax>1132</xmax>
      <ymax>587</ymax>
    </bndbox>
  </object>
</annotation>
