<annotation>
  <folder>images</folder>
  <filename>28</filename>
  <path>C:\Users\44790\Documents\University Work\Year 3\diss\apex legends\images\28.jpg</path>
  <source>
    <database>Unknown</database>
  </source>
  <size>
    <width>1917</width>
    <height>1078</height>
    <depth>3</depth>
  </size>
  <segmented>0</segmented>
  <object>
    <name>player</name>
    <pose>Unspecified</pose>
    <truncated>0</truncated>
    <difficult>0</difficult>
    <bndbox>
      <xmin>590</xmin>
      <ymin>506</ymin>
      <xmax>666</xmax>
      <ymax>603</ymax>
    </bndbox>
  </object>
  <object>
    <name>player</name>
    <pose>Unspecified</pose>
    <truncated>0</truncated>
    <difficult>0</difficult>
    <bndbox>
      <xmin>676</xmin>
      <ymin>509</ymin>
      <xmax>744</xmax>
      <ymax>587</ymax>
    </bndbox>
  </object>
  <object>
    <name>player</name>
    <pose>Unspecified</pose>
    <truncated>0</truncated>
    <difficult>0</difficult>
    <bndbox>
      <xmin>761</xmin>
      <ymin>459</ymin>
      <xmax>865</xmax>
      <ymax>619</ymax>
    </bndbox>
  </object>
</annotation>
