<annotation>
  <folder>images</folder>
  <filename>29</filename>
  <path>C:\Users\44790\Documents\University Work\Year 3\diss\apex legends\images\29.jpg</path>
  <source>
    <database>Unknown</database>
  </source>
  <size>
    <width>1917</width>
    <height>1079</height>
    <depth>3</depth>
  </size>
  <segmented>0</segmented>
  <object>
    <name>player</name>
    <pose>Unspecified</pose>
    <truncated>0</truncated>
    <difficult>0</difficult>
    <bndbox>
      <xmin>927</xmin>
      <ymin>607</ymin>
      <xmax>976</xmax>
      <ymax>661</ymax>
    </bndbox>
  </object>
  <object>
    <name>player</name>
    <pose>Unspecified</pose>
    <truncated>0</truncated>
    <difficult>0</difficult>
    <bndbox>
      <xmin>709</xmin>
      <ymin>426</ymin>
      <xmax>733</xmax>
      <ymax>457</ymax>
    </bndbox>
  </object>
</annotation>
