<annotation>
  <folder>images</folder>
  <filename>3</filename>
  <path>C:\Users\44790\Documents\University Work\Year 3\diss\apex legends\images\3.jpg</path>
  <source>
    <database>Unknown</database>
  </source>
  <size>
    <width>1920</width>
    <height>1080</height>
    <depth>3</depth>
  </size>
  <segmented>0</segmented>
  <object>
    <name>player</name>
    <pose>Unspecified</pose>
    <truncated>0</truncated>
    <difficult>0</difficult>
    <bndbox>
      <xmin>245</xmin>
      <ymin>325</ymin>
      <xmax>436</xmax>
      <ymax>614</ymax>
    </bndbox>
  </object>
  <object>
    <name>player</name>
    <pose>Unspecified</pose>
    <truncated>0</truncated>
    <difficult>0</difficult>
    <bndbox>
      <xmin>805</xmin>
      <ymin>358</ymin>
      <xmax>922</xmax>
      <ymax>646</ymax>
    </bndbox>
  </object>
</annotation>
