<annotation>
  <folder>images</folder>
  <filename>4</filename>
  <path>C:\Users\44790\Documents\University Work\Year 3\diss\apex legends\images\4.jpg</path>
  <source>
    <database>Unknown</database>
  </source>
  <size>
    <width>1280</width>
    <height>720</height>
    <depth>3</depth>
  </size>
  <segmented>0</segmented>
  <object>
    <name>player</name>
    <pose>Unspecified</pose>
    <truncated>0</truncated>
    <difficult>0</difficult>
    <bndbox>
      <xmin>391</xmin>
      <ymin>412</ymin>
      <xmax>412</xmax>
      <ymax>433</ymax>
    </bndbox>
  </object>
</annotation>
