<annotation>
  <folder>images</folder>
  <filename>41</filename>
  <path>C:\Users\44790\Documents\University Work\Year 3\diss\apex legends\images\41.jpg</path>
  <source>
    <database>Unknown</database>
  </source>
  <size>
    <width>1917</width>
    <height>1079</height>
    <depth>3</depth>
  </size>
  <segmented>0</segmented>
  <object>
    <name>player</name>
    <pose>Unspecified</pose>
    <truncated>0</truncated>
    <difficult>0</difficult>
    <bndbox>
      <xmin>1632</xmin>
      <ymin>496</ymin>
      <xmax>1733</xmax>
      <ymax>698</ymax>
    </bndbox>
  </object>
  <object>
    <name>player</name>
    <pose>Unspecified</pose>
    <truncated>0</truncated>
    <difficult>0</difficult>
    <bndbox>
      <xmin>1135</xmin>
      <ymin>448</ymin>
      <xmax>1233</xmax>
      <ymax>624</ymax>
    </bndbox>
  </object>
</annotation>
