<annotation>
  <folder>images</folder>
  <filename>42</filename>
  <path>C:\Users\44790\Documents\University Work\Year 3\diss\apex legends\images\42.jpg</path>
  <source>
    <database>Unknown</database>
  </source>
  <size>
    <width>1917</width>
    <height>1078</height>
    <depth>3</depth>
  </size>
  <segmented>0</segmented>
  <object>
    <name>player</name>
    <pose>Unspecified</pose>
    <truncated>0</truncated>
    <difficult>0</difficult>
    <bndbox>
      <xmin>466</xmin>
      <ymin>546</ymin>
      <xmax>637</xmax>
      <ymax>1013</ymax>
    </bndbox>
  </object>
  <object>
    <name>player</name>
    <pose>Unspecified</pose>
    <truncated>0</truncated>
    <difficult>0</difficult>
    <bndbox>
      <xmin>1133</xmin>
      <ymin>479</ymin>
      <xmax>1218</xmax>
      <ymax>636</ymax>
    </bndbox>
  </object>
</annotation>
