<annotation>
  <folder>images</folder>
  <filename>43</filename>
  <path>C:\Users\44790\Documents\University Work\Year 3\diss\apex legends\images\43.jpg</path>
  <source>
    <database>Unknown</database>
  </source>
  <size>
    <width>1917</width>
    <height>1078</height>
    <depth>3</depth>
  </size>
  <segmented>0</segmented>
  <object>
    <name>player</name>
    <pose>Unspecified</pose>
    <truncated>0</truncated>
    <difficult>0</difficult>
    <bndbox>
      <xmin>948</xmin>
      <ymin>370</ymin>
      <xmax>1095</xmax>
      <ymax>553</ymax>
    </bndbox>
  </object>
  <object>
    <name>player</name>
    <pose>Unspecified</pose>
    <truncated>0</truncated>
    <difficult>0</difficult>
    <bndbox>
      <xmin>1128</xmin>
      <ymin>341</ymin>
      <xmax>1240</xmax>
      <ymax>531</ymax>
    </bndbox>
  </object>
</annotation>
