<annotation>
  <folder>images</folder>
  <filename>7</filename>
  <path>C:\Users\44790\Documents\University Work\Year 3\diss\apex legends\images\7.jpg</path>
  <source>
    <database>Unknown</database>
  </source>
  <size>
    <width>2560</width>
    <height>1440</height>
    <depth>3</depth>
  </size>
  <segmented>0</segmented>
  <object>
    <name>player</name>
    <pose>Unspecified</pose>
    <truncated>0</truncated>
    <difficult>0</difficult>
    <bndbox>
      <xmin>1103</xmin>
      <ymin>559</ymin>
      <xmax>1451</xmax>
      <ymax>1108</ymax>
    </bndbox>
  </object>
</annotation>
